en,Heat,"Obsessive master thief Neil McCauley leads a top-notch crew on various insane heists throughout Los Angeles while a mentally unstable detective Vincent Hanna pursues him without rest. Each man recognizes and respects the ability and the dedication of the other even though they are aware their cat-and-mouse game may end in violence.",17.924927,15/12/1995,170,A Los Angeles Crime Saga,Heat,7.7,1886,7.99
en,Balto,"An outcast half-wolf risks his life to prevent a deadly epidemic from ravaging Nome Alaska.",12.140733,22/12/1995,78,Part Dog. Part Wolf. All Hero.,Balto,7.1,423,6.99
en,Nixon,"An all-star cast powers this epic look at American President Richard M. Nixon a man carrying the fate of the world on his shoulders while battling the self-destructive demands within. Spanning his troubled boyhood in California to the shocking Watergate scandal that would end his presidency.",5.092,22/12/1995,192,"Triumphant in Victory Bitter in Defeat. He Changed the World But Lost a Nation.",Nixon,7.1,72,6.99
en,Casino,The life of the gambling paradise – Las Vegas – and its dark mafia underbelly.,10.137389,22/11/1995,178,No one stays at the top forever.,Casino,7.8,1343,7.99
en,Sense and Sensibility,"Rich Mr. Dashwood dies leaving his second wife and her daughters poor by the rules of inheritance. Two daughters are the titular opposites.",10.673167,13/12/1995,136,Lose your heart and come to your senses.,Sense and Sensibility,7.2,364,6.99
en,Leaving Las Vegas,"Ben Sanderson an alcoholic Hollywood screenwriter who lost everything because of his drinking arrives in Las Vegas to drink himself to death. There he meets and forms an uneasy friendship and non-interference pact with prostitute Sera.",10.332025,27/10/1995,112,I Love You... The Way You Are.,Leaving Las Vegas,7.1,365,6.99
en,Twelve Monkeys,"In the year 2035 convict James Cole reluctantly volunteers to be sent back in time to discover the origin of a deadly virus that wiped out nearly all of the earth's population and forced the survivors into underground communities. But when Cole is mistakenly sent to 1990 instead of 1996 he's arrested and locked up in a mental hospital. There he meets psychiatrist Dr. Kathryn Railly and patient Jeffrey Goines the son of a famous virus expert who may hold the key to the mysterious rogue group the Army of the 12 Monkeys thought to be responsible for unleashing the killer disease.",12.297305,29/12/1995,129,The future is history.,Twelve Monkeys,7.4,2470,6.99
en,Se7en,"Two homicide detectives are on a desperate hunt for a serial killer whose crimes are based on the ""seven deadly sins"" in this dark and haunting film that takes viewers from the tortured remains of one victim to the next. The seasoned Det. Sommerset researches each sin in an effort to get inside the killer's mind while his novice partner Mills scoffs at his efforts to unravel the case.",18.45743,22/09/1995,127,Seven deadly sins. Seven ways to die.,Se7en,8.1,5915,7.99
en,The Usual Suspects,"Held in an L.A. interrogation room Verbal Kint attempts to convince the feds that a mythic crime lord Keyser Soze not only exists but was also responsible for drawing him and his four partners into a multi-million dollar heist that ended with an explosion in San Pedro harbor – leaving few survivors. Verbal lures his interrogators with an incredible story of the crime lord's almost supernatural prowess.",16.302466,19/07/1995,106,Five Criminals. One Line Up. No Coincidence.,The Usual Suspects,8.1,3334,7.99
en,A Midwinter's Tale,"Out of work actor Joe volunteers to help try and save his sister's local church for the community by putting on a Christmas production of Hamlet somewhat against the advice of his agent Margaretta. As the cast he assembles are still available even at Christmas and are prepared to do it on a 'profit sharing' basis (that is they may not get paid anything) he cannot expect - and does not get - the cream of the cream. But although they all bring their own problems and foibles along something bigger starts to emerge in the perhaps aptly named village of Hope.",0.513391,01/12/1995,99,The drama. The passion. The intrigue... And the rehearsals haven't even started.,A Midwinter's Tale,7.5,6,7.99
en,The Bridges of Madison County,Photographer Robert Kincaid wanders into the life of housewife Francesca Johnson for four days in the 1960s.,5.951077,28/05/1995,135,The path of Francesca Johnson's future seems destined due to an unexpected fork in the road...,The Bridges of Madison County,7.3,397,6.99
en,Braveheart,"Enraged at the slaughter of Murron his new bride and childhood love Scottish warrior William Wallace slays a platoon of the local English lord's soldiers. This leads the village to revolt and eventually the entire country to rise up against English rule.",20.755149,24/05/1995,177,Every man dies. Not every man truly lives.,Braveheart,7.7,3404,7.99
en,Taxi Driver,"A mentally unstable Vietnam War veteran works as a night-time taxi driver in New York City where the perceived decadence and sleaze feeds his urge for violent action attempting to save a preadolescent prostitute in the process.",14.092713,07/02/1976,114,"On every street in every city there's a nobody who dreams of being a somebody.",Taxi Driver,8.1,2632,7.99
en,Margaret's Museum,"In a town where half the men die down the coalpit Margaret MacNeil is quite happy being single in her small Cape Breton island town. Until she meets Neil Currie a charming and sincere bagpipe-playing Gaelic-speaking dishwasher. But no matter what you do you can't avoid the spectre of the pit forever.",0.372697,13/09/1995,114,She found a way to preserve her memories forever.,Margaret's Museum,7.5,2,7.99
en,Anne Frank Remembered,"Using previously unreleased archival material in addition to contemporary interviews this academy award-winning documentary tells the story of the Frank family and presents the first fully-rounded portrait of their brash and free-spirited daughter Anne perhaps the world's most famous victim of the Holocaust. Written by Dawn M. Barclift",0.243986,08/06/1995,117,"She is perhaps Hitler's best known victim but what was Anne Frank really like?",Anne Frank Remembered,7.3,4,6.99
en,The Basketball Diaries,Film adaptation of street tough Jim Carroll's epistle about his kaleidoscopic free fall into the harrowing world of drug addiction.,7.415144,21/04/1995,102,The true story of the death of innocence and the birth of an artist.,The Basketball Diaries,7.2,472,6.99
en,Apollo 13,"The true story of technical troubles that scuttle the Apollo 13 lunar mission in 1971 risking the lives of astronaut Jim Lovell and his crew with the failed journey turning into a thrilling saga of heroism. Drifting more than 200 000 miles from Earth the astronauts work furiously with the ground crew to avert tragedy.",18.761467,30/06/1995,140,"Houston we have a problem.",Apollo 13,7.3,1637,6.99
en,Crumb,"This movie chronicles the life and times of R. Crumb. Robert Crumb is the cartoonist/artist who drew Keep On Truckin' Fritz the Cat and played a major pioneering role in the genesis of underground comix. Through interviews with his mother two brothers wife and ex-girlfriends as well as selections from his vast quantity of graphic art we are treated to a darkly comic ride through one man's subconscious mind.",3.620388,10/09/1994,119,Weird sex · Obsession · Comic books,Crumb,7.6,71,7.99
en,Living in Oblivion,Film about filmmaking. It takes place during one day on set of non-budget movie. Ultimate tribute to all independent filmmakers.,10.058329,20/01/1995,89,Nick is about to discover the first rule of filmmaking: if at first you don't succeed... PANIC!,Living in Oblivion,7.2,64,6.99
en,Reckless,"On Christmas eve a relentlessly cheerful woman escapes from the killers hired by her husband and embarks on a series of strange encounters.",0.119713,17/11/1995,91,The most twisted Christmas ever.,Reckless,10,1,9.99
en,Safe,"Carol a typical upper middle-class housewife begins to complain of vague symptoms of illness. She ""doesn't feel right has unexplained headaches congestion a dry cough nosebleeds vomiting and trouble breathing. Her family doctor treats her concerns dismissively and suggests a psychiatrist. Eventually an allergist tells her that she has Environmental Illness.",8.180047,23/06/1995,119,In the 21st century nobody will be... Safe.,Safe,7.2,62,6.99
en,Smoke,"Writer Paul Benjamin is nearly hit by a bus when he leaves Auggie Wren's smoke shop. Stranger Rashid Cole  saves his life and soon middle-aged Paul tells homeless Rashid that he wouldn't mind a short-term housemate. Still grieving over his wife's murder Paul is moved by both Rashid's quest to reconnect with his father and Auggie's discovery that a woman who might be his daughter is about to give birth.",5.552946,09/06/1995,112,Where there's smoke... there's laughter!,Smoke,7.2,115,6.99
en,Before the Rain,"The circularity of violence seen in a story that circles on itself. In Macedonia during war in Bosnia Christians hunt an ethnic Albanian girl who may have murdered one of their own. A young monk who's taken a vow of silence offers her protection. In London a photographic editor who's pregnant needs to talk it out with her estranged husband and chooses a toney restaurant.",3.525649,09/06/1994,113,Once You Know The Faces You Will Begin To Understand The Story,Before the Rain,7.7,45,7.99
en,Before Sunrise,"A dialogue marathon of a film this fairytale love story of an American boy and French girl. During a day and a night together in Vienna their two hearts collide.",11.304979,27/01/1995,105,Can the greatest romance of your life last only one night?,Before Sunrise,7.7,984,7.99
en,The Cure,"Dexter age 11 who has AIDS and his next door neighbor Eric a little older and much bigger become best friends. Eric also becomes closer to Dexter's mother than to his own who is neglectful and bigoted and violently forbids their friendship upon learning of it. Dexter and Erik start the journey to find ""The Cure"" they had read about in the local newspaper.",2.686342,21/04/1995,97,The best cure for a disease is friendship,The Cure,7.2,58,6.99
en,Clerks,"Convenience and video store clerks Dante and Randal are sharp-witted potty-mouthed and bored out of their minds. So in between needling customers the counter jockeys play hockey on the roof visit a funeral home and deal with their love lives.",10.513367,13/09/1994,92,Just because they serve you doesn't mean they like you.,Clerks,7.4,769,6.99
en,Death and the Maiden,A political activist is convinced that her guest is a man who once tortured her for the government.,5.484156,04/05/1994,103,Prepare yourself for the moment of truth.,Death and the Maiden,7.1,92,6.99
en,Dolores Claiborne,"Dolores Claiborne was accused of killing her abusive husband twenty years ago but the court's findings were inconclusive and she was allowed to walk free. Now she has been accused of killing her employer Vera Donovan and this time there is a witness who can place her at the scene of the crime. Things look bad for Dolores when her daughter Selena a successful Manhattan magazine writer returns to cover the story.",5.8025,24/03/1995,132,"Sometimes an accident can be an unhappy woman's best friend.",Dolores Claiborne,7.1,183,6.99
en,Ed Wood,"The mostly true story of the legendary ""worst director of all time"" who with the help of his strange friends filmed countless B-movies without ever becoming famous or successful.",11.720358,27/09/1994,127,"When it came to making bad movies Ed Wood was the best.",Ed Wood,7.3,639,6.99
en,Hoop Dreams,"This documentary follows two inner-city Chicago residents Arthur Agee and William Gates as they follow their dreams of becoming basketball superstars. Beginning at the start of their high school years and ending almost 5 years later as they start college we watch the boys mature into men still retaining their ""Hoop Dreams"".",9.47666,12/09/1994,171,An Extraordinary True Story.,Hoop Dreams,7.7,91,7.99
en,Interview with the Vampire,"A vampire relates his epic life story of love betrayal loneliness and dark hunger to an over-curious reporter.",11.970205,11/11/1994,123,Drink from me and live forever,Interview with the Vampire,7.2,1558,6.99
en,Star Wars,Princess Leia is captured and held hostage by the evil Imperial forces in their effort to take over the galactic Empire. Venturesome Luke Skywalker and dashing captain Han Solo team together with the loveable robot duo R2-D2 and C-3PO to rescue the beautiful princess and restore peace and justice in the Empire.,42.149697,25/05/1977,121,"A long time ago in a galaxy far far away...",Star Wars,8.1,6778,7.99
en,A Little Princess,"When her father enlists to fight for the British in WWI young Sara Crewe goes to New York to attend the same boarding school her late mother attended. She soon clashes with the severe headmistress Miss Minchin who attempts to stifle Sara's creativity and sense of self- worth.",7.731725,10/05/1995,97,Every girl everywhere is a princess.,A Little Princess,7.4,207,6.99
en,Legends of the Fall,"An epic tale of three brothers and their father living in the remote wilderness of 1900s USA and how their lives are affected by nature history war and love.",12.199047,16/12/1994,133,After the Fall from Innocence the Legend begins.,Legends of the Fall,7.2,636,6.99
en,Nina Takes a Lover,"Laura San Giacomo stars in this sexy comedy about adultery. When Nina's (San Giacomo) husband goes out of town for several weeks on a business trip Nina hooks up with a photographer. Told from a reporter's point of view his interviews with Nina and the photographer provide comic insights. Stars Laura San Giacomo Paul Rhys Michael O'Keefe Fisher Stevens and more.",0.769522,03/03/1995,100,Sometimes you have to break your vow to keep your promise.,Nina Takes a Lover,7.4,4,6.99
en,Once Were Warriors,"A drama about a Maori family lving in Auckland New Zealand. Lee Tamahori tells the story of Beth Heke’s strong will to keep her family together during times of unemployment and abuse from her violent and alcoholic husband.",4.025276,02/09/1994,99,"A family in crisis a life in chaos... Nothing is more powerful than a mother's love.",Once Were Warriors,7.6,106,7.99
en,Pulp Fiction,"A burger-loving hit man his philosophical partner a drug-addled gangster's moll and a washed-up boxer converge in this sprawling comedic crime caper. Their adventures unfurl in three stories that ingeniously trip back and forth in time.",140.950236,10/09/1994,154,Just because you are a character doesn't mean you have character.,Pulp Fiction,8.3,8670,7.99
en,Quiz Show,Quiz Show is a 1994 American historical drama film which tells the true story of the Twenty One quiz show scandal of the 1950s.,7.772505,16/09/1994,133,Fifty million people watched but no one saw a thing.,Quiz Show,7.1,262,6.99
en,The Shawshank Redemption,"Framed in the 1940s for the double murder of his wife and her lover upstanding banker Andy Dufresne begins a new life at the Shawshank prison where he puts his accounting skills to work for an amoral warden. During his long stretch in prison Dufresne comes to be admired by the other inmates -- including an older prisoner named Red -- for his integrity and unquenchable sense of hope.",51.645403,23/09/1994,142,Fear can hold you prisoner. Hope can set you free.,The Shawshank Redemption,8.5,8358,7.99
en,What's Eating Gilbert Grape,"Gilbert has to care for his brother Arnie and his obese mother which gets in the way when love walks into his life.",10.3919,17/12/1993,118,A film about the love you find...In the last place you look.,What's Eating Gilbert Grape,7.5,943,7.99
en,"The Adventures of Priscilla Queen of the Desert","Two drag-queens and a transsexual contract to perform a drag show at a resort in Alice Springs a resort town in the remote Australian desert. They head west from Sydney aboard their lavender bus Priscilla. En route it is discovered that the woman they've contracted with is the wife of one of the drag queens. Their bus breaks down and is repaired by Bob who travels on with them.",8.328596,31/05/1994,104,She's back... Looking as gorgeous and outrageous as ever in a brand new frock.,"The Adventures of Priscilla Queen of the Desert",7.2,174,6.99
en,The Crow,"Exactly one year after young rock guitarist Eric Draven and his fiancée are brutally killed by a ruthless gang of criminals Draven -- watched over by a hypnotic crow -- returns from the grave to exact revenge.",15.799336,11/05/1994,102,Real love is forever.,The Crow,7.3,980,6.99
en,Forrest Gump,"A man with a low IQ has accomplished great things in his life and been present during significant historic events - in each case far exceeding what anyone imagined he could do. Yet despite all the things he has attained his one true love eludes him. 'Forrest Gump' is the story of a man who rose above his challenges and who proved that determination courage and love are more important than ability.",48.307194,06/07/1994,142,"The world will never be the same once you've seen it through the eyes of Forrest Gump.",Forrest Gump,8.2,8147,7.99
en,The Lion King,A young lion cub named Simba can't wait to be king. But his uncle craves the title for himself and will stop at nothing to get it.,21.605761,23/06/1994,89,Life's greatest adventure is finding your place in the Circle of Life.,The Lion King,8,5520,7.99
en,The Secret Adventures of Tom Thumb,A boy born the size of a small doll is kidnapped by a genetic lab and must find a way back to his father in this inventive adventure filmed using stop motion animation techniques.,0.381704,10/12/1993,61,A nursery crime of epic proportions...,The Secret Adventures of Tom Thumb,7.1,8,6.99
en,Girl in the Cadillac,"A runaway teenage girl and a drifter rob a bank hit the road to elude the Texas Rangers and find love on the run.",0.405392,24/10/1995,89,On our first date... we robbed a bank,Girl in the Cadillac,10,1,9.99
en,In the Mouth of Madness,"With the disappearance of hack horror writer Sutter Cane all Hell is breaking loose...literally! Author Cane it seems has a knack for description that really brings his evil creepy-crawlies to life. Insurance investigator John Trent is sent to investigate Cane's mysterious vanishing act and ends up in the sleepy little East Coast town of Hobb's End.",8.497643,12/12/1994,95,Lived Any Good Books Lately?,In the Mouth of Madness,7.1,307,6.99
en,8 Seconds,"This film chronicles the life of Lane Frost 1987 PRCA Bull Riding World Champion his marriage and his friendships with Tuff Hedeman (three-time World Champion) and Cody Lambert.",1.888534,25/02/1994,105,Hang on for the ride of your life!,8 Seconds,7.2,22,6.99
en,A Bronx Tale,"Set in the Bronx during the tumultuous 1960s an adolescent boy is torn between his honest working-class father and a violent yet charismatic crime boss. Complicating matters is the youngster's growing attraction - forbidden in his neighborhood - for a beautiful black girl.",6.115628,14/09/1993,121,"One man lives in the neighborhood another man owns it.",A Bronx Tale,7.4,447,6.99
en,Carlito's Way,"A Puerto-Rican ex-con just released from prison pledges to stay away from drugs and violence despite the pressure around him and lead on to a better life outside of NYC.",8.698509,10/11/1993,144,He's got a good future if he can live past next week.,Carlito's Way,7.7,805,7.99
en,Dazed and Confused,"The adventures of a group of Texas teens on their last day of school in 1976 centering on student Randall Floyd who moves easily among stoners jocks and geeks. Floyd is a star athlete but he also likes smoking weed which presents a conundrum when his football coach demands he sign a ""no drugs"" pledge.",6.8652,24/09/1993,102,See it with a bud.,Dazed and Confused,7.4,588,6.99
en,The Fugitive,"Wrongfully accused of murdering his wife Richard Kimble escapes from the law in an attempt to find her killer and clear his name. Pursuing him is a team of U.S. marshals led by Deputy Samuel Gerard a determined detective who will not rest until Richard is captured. As Richard leads the team through a series of intricate chases he discovers the secrets behind his wife's death and struggles to expose the killer before it is too late.",10.08937,06/08/1993,130,A murdered wife. A one-armed man. An obsessed detective. The chase begins.,The Fugitive,7.2,1240,6.99
en,The Hudsucker Proxy,A naive business graduate is installed as president of a manufacturing company as part of a stock scam.,7.550545,11/03/1994,111,They took him for a fall guy... but he threw them for a hoop.,The Hudsucker Proxy,7.1,280,6.99
en,In the Name of the Father,"A small time thief from Belfast Gerry Conlon is falsely implicated in the IRA bombing of a pub that kills several people while he is in London. He and his four friends are coerced by British police into confessing their guilt. Gerry's father and other relatives in London are also implicated in the crime. He spends fifteen years in prison with his father trying to prove his innocence.",7.405895,12/12/1993,133,Falsely accused. Wrongly imprisoned. He fought for justice to clear his father's name.,In the Name of the Father,7.6,363,7.99
en,Jurassic Park,"A wealthy entrepreneur secretly creates a theme park featuring living dinosaurs drawn from prehistoric DNA. Before opening day he invites a team of experts and his two eager grandchildren to experience the park and help calm anxious investors. However the park is anything but amusing as the security systems go off-line and the dinosaurs escape.",8.863776,11/06/1993,127,An adventure 65 million years in the making.,Jurassic Park,7.6,4956,7.99
en,Manhattan Murder Mystery,A middle-aged couple suspects foul play when their neighbor's wife suddenly drops dead.,8.939404,18/08/1993,104,Keaton & Allen reunited for fun flick!,Manhattan Murder Mystery,7.1,169,6.99
en,Menace II Society,"Menace II Society is a coming of age tale detailing the summer after its protagonist Caine (Tyrin Turner) graduates from high school. This is Caine's story which details real life in today's tough inner city.",5.260924,26/05/1993,97,This is the truth. This is what's real.,Menace II Society,7.2,179,6.99
en,Much Ado About Nothing,"In this Shakespearean farce Hero and her groom-to-be Claudio team up with Claudio's commanding officer Don Pedro the week before their wedding to hatch a matchmaking scheme. Their targets are sharp-witted duo Benedick and Beatrice -- a tough task indeed considering their corresponding distaste for love and each other. Meanwhile meddling Don John plots to ruin the wedding.",8.62724,07/05/1993,111,Romance. Mischief. Seduction. Revenge. Remarkable.,Much Ado About Nothing,7.2,194,6.99
en,Philadelphia,No one would take his case until one man was willing to take on the system. Two competing lawyers join forces to sue a prestigious law firm for AIDS discrimination. As their unlikely friendship develops their courage overcomes the prejudice and corruption of their powerful adversaries.,13.373006,22/12/1993,125,No one would take on his case... until one man was willing to take on the system.,Philadelphia,7.6,1019,7.99
en,The Remains of the Day,A rule bound head butler's world of manners and decorum in the household he maintains is tested by the arrival of a housekeeper who falls in love with him in post-WWI Britain. The possibility of romance and his master's cultivation of ties with the Nazi cause challenge his carefully maintained veneer of servitude.,12.222576,05/11/1993,134,Diamond in the Rough,The Remains of the Day,7.5,213,7.99
en,Rudy,"Rudy grew up in a steel mill town where most people ended up working but wanted to play football at Notre Dame instead. There were only a couple of problems. His grades were a little low his athletic skills were poor and he was only half the size of the other players. But he had the drive and the spirit of 5 people and has set his sights upon joining the team.",5.914833,17/09/1993,114,"It's not the size of the dog in the fight It's the size of the fight in the dog.",Rudy,7.2,187,6.99
en,Schindler's List,The true story of how businessman Oskar Schindler saved over a thousand Jewish lives from the Nazis while they worked as slaves in his factory during World War II.,41.725123,29/11/1993,195,"Whoever saves one life saves the world entire.",Schindler's List,8.3,4436,7.99
en,Searching for Bobby Fischer,A prepubescent chess prodigy refuses to harden himself in order to become a champion like the famous but unlikable Bobby Fischer.,12.048587,13/08/1993,110,Every journey begins with a single move.,Searching for Bobby Fischer,7.3,100,6.99
en,The Secret Garden,"A young British girl born and reared in India loses her neglectful parents in an earthquake. She is returned to England to live at her uncle's castle. Her uncle is very distant due to the loss of his wife ten years before. Neglected once again she begins exploring the estate and discovers a garden that has been locked and neglected. Aided by one of the servants' boys she begins restoring the garden and eventually discovers some other secrets of the manor.",6.499523,13/08/1993,102,"The timeless tale of a special place where magic hope and love grow.",The Secret Garden,7.1,232,6.99
en,Blade Runner,"In the smog-choked dystopian Los Angeles of 2019 blade runner Rick Deckard is called out of retirement to terminate a quartet of replicants who have escaped to Earth seeking their creator for a way to extend their short life spans.",96.272374,25/06/1982,117,Man has made his match... now it's his problem.,Blade Runner,7.9,3833,7.99
en,Thirty Two Short Films About Glenn Gould,"A collection of vignettes highlighting different aspects of the life work and character of the acclaimed Canadian classical pianist.",0.873068,26/11/1993,93,The sound of genius.,Thirty Two Short Films About Glenn Gould,7.4,9,6.99
en,The Nightmare Before Christmas,"Tired of scaring humans every October 31 with the same old bag of tricks Jack Skellington the spindly king of Halloween Town kidnaps Santa Claus and plans to deliver shrunken heads and other ghoulish gifts to children on Christmas morning. But as Christmas approaches Jack's rag-doll girlfriend Sally tries to foil his misguided plans.",17.730913,09/10/1993,76,A ghoulish tale with wicked humor & stunning animation.,The Nightmare Before Christmas,7.6,2135,7.99
en,Tombstone,"Legendary marshal Wyatt Earp now a weary gunfighter joins his brothers Morgan and Virgil to pursue their collective fortune in the thriving mining town of Tombstone. But Earp is forced to don a badge again and get help from his notorious pal Doc Holliday when a gang of renegade brigands and rustlers begins terrorizing the town.",11.338194,25/12/1993,130,Justice is coming.,Tombstone,7.4,632,6.99
en,True Romance,"Clarence marries hooker Alabama steals cocaine from her pimp and tries to sell it in Hollywood while the owners of the coke try to reclaim it.",17.189328,09/09/1993,120,"Stealing Cheating Killing. Who said romance was dead?",True Romance,7.5,762,7.99
en,The War Room,"A behind-the-scenes documentary about the Clinton for President campaign focusing on the adventures of spin doctors James Carville and George Stephanopoulos.",1.273617,05/12/1993,96,They Changed The Way Campaigns Are Won,The War Room,7.3,19,6.99
en,Io speriamo che me la cavo,"A bureaucratic snafu sends Marco Tullio Sperelli a portly middle-aged northern Italian to teach third grade in a poor town outside Naples",3.456868,01/10/1992,100,"Ciao Professore!","Ciao Professore!",7.2,74,6.99
en,Home Alone,"Eight-year-old Kevin McCallister makes the most of the situation after his family unwittingly leaves him behind when they go on Christmas vacation. But when a pair of bungling burglars set their sights on Kevin's house the plucky kid stands ready to defend his territory. By planting booby traps galore adorably mischievous Kevin stands his ground as his frantic mother attempts to race home before.",0.702543,09/11/1990,103,A Family Comedy Without the Family.,Home Alone,7.1,2487,6.99
en,Aladdin,"Princess Jasmine grows tired of being forced to remain in the palace and she sneaks out into the marketplace  in disguise where she meets street-urchin Aladdin and the two fall in love although she may only marry a prince. After being thrown in jail Aladdin and becomes embroiled in a plot to find a mysterious lamp with which the evil Jafar hopes to rule the land.",16.357419,25/11/1992,90,Wish granted!,Aladdin,7.4,3495,6.99
en,Terminator 2: Judgment Day,"Nearly 10 years have passed since Sarah Connor was targeted for termination by a cyborg from the future. Now her son John the future leader of the resistance is the target for a newer more deadly terminator. Once again the resistance has managed to send a protector back to attempt to save John and his mother Sarah.",22.661695,01/07/1991,137,It's nothing personal.,Terminator 2: Judgment Day,7.7,4274,7.99
en,Dances with Wolves,"Wounded Civil War soldier John Dunbar tries to commit suicide – and becomes a hero instead. As a reward he's assigned to his dream post a remote junction on the Western frontier and soon makes unlikely friends with the local Sioux tribe.",11.654349,09/11/1990,181,Inside everyone is a frontier waiting to be discovered.,Dances with Wolves,7.6,1084,7.99
en,The Silence of the Lambs,"FBI trainee Clarice Starling ventures into a maximum-security asylum to pick the diseased brain of Hannibal Lecter a psychiatrist turned homicidal cannibal. Starling needs clues to help her capture a serial killer. but her Faustian relationship with Lecter soon leads to his escape and now two deranged killers are on the loose.",4.307222,01/02/1991,119,To enter the mind of a killer she must challenge the mind of a madman.,The Silence of the Lambs,8.1,4549,7.99
en,Beauty and the Beast,"Follow the adventures of Belle a bright young woman who finds herself in the castle of a prince who's been turned into a mysterious beast. With the help of the castle's enchanted staff Belle soon learns the most important lesson of all -- that true beauty comes from within.",23.433511,13/11/1991,84,The most beautiful love story ever told.,Beauty and the Beast,7.5,3029,7.99
en,The Wild Bunch,"Aging outlaw Pike Bishop (William Holden) prepares to retire after one final robbery. Joined by his gang which includes Dutch Engstrom (Ernest Borgnine) and brothers Lyle (Warren Oates) and Tector Gorch (Ben Johnson) Bishop discovers the heist is a setup orchestrated in part by his old partner Deke Thornton (Robert Ryan). As the remaining gang takes refuge in Mexican territory Thornton trails them resulting in fierce gunfights with plenty of casualties",11.722424,17/06/1969,145,"If you only want to spend two hours in a movie theatre and go home and forget it stay away from THE WILD BUNCH.",The Wild Bunch,7.7,266,7.99
en,Fargo,"Jerry a small-town Minnesota car salesman is bursting at the seams with debt... but he's got a plan. He's going to hire two thugs to kidnap his wife in a scheme to collect a hefty ransom from his wealthy father-in-law. It's going to be a snap and nobody's going to get hurt... until people start dying. Enter Police Chief Marge a coffee-drinking parka-wearing - and extremely pregnant - investigator who'll stop at nothing to get her man. And if you think her small-time investigative skills will give the crooks a run for their ransom... you betcha!",12.61469,05/04/1996,98,A lot can happen in the middle of nowhere.,Fargo,7.7,2080,7.99
en,Jane Eyre,"Jane Eyre is an orphan cast out as a young girl by her aunt Mrs. Reed and sent to be raised in a harsh charity school for girls. There she learns to be come a teacher and eventually seeks employment outside the school. Her advertisement is answered by the housekeeper of Thornfield Hall Mrs. Fairfax.",2.420301,09/02/1996,112,The passionate tale of forbidden secrets!,Jane Eyre,7.1,51,6.99
en,The Aristocats,"When Madame Adelaide Bonfamille leaves her fortune to Duchess and her children -- Bonfamille's prize family of domesticated house cats -- the butler plots to steal the money and kidnaps the heirs leaving them out on a country road. All seems lost until the wily Thomas O'Malley Cat and his jazz-playing alley cats come to the Aristocats's rescue.",9.834047,23/12/1970,78,A tune-filled animated extravaganza.,The Aristocats,7.1,1287,6.99
en,Primal Fear,"An arrogant high-powered attorney takes on the case of a poor altar boy found running away from the scene of the grisly murder of the bishop who has taken him in. The case gets a lot more complex when the accused reveals that there may or may not have been a 3rd person in the room. The intensity builds when a surprise twist alters everyone's perception of the crime.",10.326213,03/04/1996,129,"Sooner or later a man who wears two faces forgets which one is real.",Primal Fear,7.4,644,6.99
en,Hostile Intentions,"A weekend of fun becomes a fight for survival when three American women land in a Mexican jail. After being sexually molested by the guards they attempt to escape with the help of a fellow prisoner.",0.062388,01/01/1995,90,A night of adventure becomes one woman's desperate fight for survival.,Hostile Intentions,8,1,7.99
en,The Run of the Country,"An Irish lad (Matt Keeslar) who fled from his oppressive widowed father (Albert Finney) falls for a girl (Victoria Smurfit) from an affluent family.",0.117662,22/09/1995,0,An unforgettable romance,The Run of the Country,8,2,7.99
en,Dead Man,"On the run after murdering a man accountant William Blake encounters a strange North American man named Nobody who prepares him for his journey into the spiritual world.",6.505272,23/12/1995,121,No one can survive becoming a legend.,Dead Man,7.2,397,6.99
en,"The Haunted World of Edward D. Wood Jr.","The strange life and the wonderfully awful films of 1950's Hollywood Z movie director Ed Wood are profiled in this documentary that was conceived of and researched several years before commercial-filmmaker Tim Burton made his feature film tribute. Actually Wood does not appear much in this film. Rather it centers on the lives and thoughts of his entourage and those who knew him. Among those interviewed are Wood's former lover and star of his earliest films Dolores Fuller whom he abruptly replaced in the middle of Bride of the Monster with actress Loretta King who is also interviewed.",0.037443,01/05/1996,112,Can your MIND stand the SHOCKING TRUTH?,"The Haunted World of Edward D. Wood Jr.",10,1,9.99
en,A Close Shave,"Wallace falls in love with wool-shop owner Wendolene not suspecting that she (or rather her dog) is at the head of a fiendish sheep-rustling plot. Gromit is set up and jailed but his new-found sheepish friend is determine to give Wallace a helping hand in finding out the real truth.",6.796858,24/12/1995,30,From the Oscar-winning creator of A Grand Day Out and The Wrong Trousers.,A Close Shave,7.5,223,7.99
en,Dr. Strangelove or: How I Learned to Stop Worrying and Love the Bomb,"Insane General Jack D. Ripper initiates a nuclear strike on the Soviet Union. As soon as the actions of General ""Buck"" Turgidson are discovered a war room full of politicians generals and a Russian diplomat all frantically try to stop the nuclear strike. Near the end is a scene that is probably the most uniquely unforgettable performance of Slim Pickens in his movie career. Peter Sellers plays multiple roles in this film.",9.80398,29/01/1964,95,The hot-line suspense comedy,Dr. Strangelove or: How I Learned to Stop Worrying and Love the Bomb,8,1472,7.99
en,Trainspotting,"Renton deeply immersed in the Edinburgh drug scene tries to clean up and get out despite the allure of the drugs and influence of friends.",19.348466,23/02/1996,93,Choose life.,Trainspotting,7.8,2737,7.99
en,Stonewall,A group of homosexual people try to live with dignity and self-respect while events build to the opening battle in the major gay rights movement.,0.940228,01/10/1995,99,The fight for the right to love,Stonewall,7.2,10,6.99
en,The Godfather,"Spanning the years 1945 to 1955 a chronicle of the fictional Italian-American Corleone crime family. When organized crime family patriarch Vito Corleone barely survives an attempt on his life his youngest son Michael steps in to take care of the would-be killers launching a campaign of bloody revenge.",41.109264,14/03/1972,175,An offer you can't refuse.,The Godfather,8.5,6024,7.99
en,Mother Night,"An American spy behind the lines during WWII serves as a Nazi propagandist a role he cannot escape in his future life as he can never reveal his real role in the war.",6.038784,01/11/1996,114,The truth is more shocking than the uniform he wears... HE WAS AN AMERICAN SPY.,Mother Night,7.1,13,6.99
en,The Philadelphia Story,"Philadelphia heiress Tracy Lord throws out her playboy husband C.K. Dexter Haven shortly after their marriage. Two years later Tracy is about to marry respectable George Kittredge whilst Dexter has been working for ""Spy"" magazine. Dexter arrives at the Lord mansion the day before the wedding with journalist Mike Connor and photographer Liz Imbrie determined to spoil things.",8.888069,05/12/1940,112,Broadway's howling year-run comedy hit of the snooty society beauty who slipped and fell - IN LOVE!,The Philadelphia Story,7.7,196,7.99
en,Singin' in the Rain,"In 1927 Hollywood Don Lockwood and Lina Lamont are a famous on-screen romantic pair in silent movies but Lina mistakes the on-screen romance for real love. When their latest film is transformed into a musical Don has the perfect voice for the songs but strident voice faces the studio to dub her voice. Aspiring actress Kathy Selden is brought in and while she is working on the movie Don falls in love with her.",11.064858,10/04/1952,103,What a Glorious Feeling!,Singin' in the Rain,7.9,747,7.99
en,Breakfast at Tiffany's,"Fortune hunter Holly Golightly finds herself captivated by aspiring writer Paul Varjak who's moved into her building on a wealthy woman's dime. As romance blooms between Paul and Holly Doc Golightly shows up on the scene revealing Holly's past.",10.879289,05/10/1961,110,"Audrey Hepburn plays that daring darling Holly Golightly to a new high in entertainment delight!",Breakfast at Tiffany's,7.6,1082,7.99
en,Vertigo,"A retired San Francisco detective suffering from acrophobia investigates the strange activities of an old friend's wife all the while becoming dangerously obsessed with her.",18.20822,09/05/1958,128,Alfred Hitchcock engulfs you in a whirlpool of terror and tension!,Vertigo,8,1162,7.99
en,Rear Window,"Professional photographer L.B. ""Jeff"" Jeffries breaks his leg while getting an action shot at an auto race. Confined to his New York apartment he spends his time looking out of the rear window observing the neighbors. He begins to suspect that a man across the courtyard may have murdered his wife. Jeff enlists the help of his high society fashion-consultant girlfriend Lisa Freemont and his visiting nurse Stella to investigate.",17.911314,01/08/1954,112,It only takes one witness to spoil the perfect crime.,Rear Window,8.2,1531,7.99
en,It Happened One Night,"Ellie Andrews has just tied the knot with society aviator King Westley when she is whisked away to her father's yacht and out of King's clutches. Ellie jumps ship and eventually winds up on a bus headed back to her husband. Reluctantly she must accept the help of out-of- work reporter Peter Warne. Actually Warne doesn't give her any choice: either she sticks with him until he gets her back to her husband or he'll blow the whistle on Ellie to her father. Either way Peter gets what he wants... a really juicy newspaper story!",6.465257,22/02/1934,105,TOGETHER... for the first time,It Happened One Night,7.7,283,7.99
en,Gaslight,"In the late 19th century Paula Alquist is studying music in Italy but ends up abandoning her classes because she's fallen in love with the gallant Gregory Anton. The couple marries and moves to England to live in a home inherited by Paula from her aunt herself a famous singer who was mysteriously murdered in the house ten years before. Though Paula is certain that she sees the house's gaslights dim every evening and that there are strange noises coming from the attic Gregory convinces Paula that she's imagining things. Meanwhile a Scotland Yard inspector Brian Cameron becomes sympathetic to Paula's plight.",14.545058,04/05/1944,114,Strange drama of a captive sweetheart!,Gaslight,7.2,73,6.99
en,The Gay Divorcee,"Guy Holden falls for Mimi Glossop without knowing she's married. She's trying to get a divorce so her dizzy aunt and incompetent lawyer hire a professional correspondent to pose as her lover. When Guy unknowingly gives Mimi the code phrase she thinks he's the faux beau; and she confuses his genuine interest for part of the act.",2.863935,12/10/1934,107,The King and Queen of 'Carioca',The Gay Divorcee,7.2,17,6.99
en,North by Northwest,"Advertising man Roger Thornhill is mistaken for a spy triggering a deadly cross-country chase.",12.410427,07/07/1959,136,It's a deadly game of 'tag' and Cary Grant is 'it'...,North by Northwest,7.8,1062,7.99
en,The Apartment,"Bud Baxter is a minor clerk in a huge New York insurance company until he discovers a quick way to climb the corporate ladder. He lends out his apartment to the executives as a place to take their mistresses. Although he often has to deal with the aftermath of their visits one night he's left with a major problem to solve.",11.994281,15/06/1960,125,"Movie-wise there has never been anything like it - laugh-wise love-wise or otherwise-wise!",The Apartment,8.1,498,7.99
en,Some Like It Hot,"Two musicians witness a mob hit and struggle to find a way out of the city before they are found by the gangsters. Their only opportunity is to join an all-girl band as they leave on a tour. To make their getaway they must first disguise themselves as women then keep their identities secret and deal with the problems this brings - such as an attractive bandmate and a very determined suitor.",11.845107,18/03/1959,122,The movie too HOT for words!,Some Like It Hot,8,835,7.99
en,Charade,"After Regina Lampert falls for the dashing Peter Joshua on a skiing holiday in the French Alps she discovers upon her return to Paris that her husband has been murdered. Soon she and Peter are giving chase to three of her late husband's World War II cronies Tex Scobie and Gideon who are after a quarter of a million dollars the quartet stole while behind enemy lines. But why does Peter keep changing his name?",7.098731,05/12/1963,113,Is anyone really who they seem to be?,Charade,7.7,351,7.99
en,Casablanca,"In Casablanca Morocco in December 1941 a cynical American expatriate meets a former lover with unforeseen complications.",13.916101,26/11/1942,102,They had a date with fate in Casablanca!,Casablanca,7.9,1462,7.99
en,The Maltese Falcon,"A private detective takes on a case that involves him with three eccentric criminals a gorgeous liar and their quest for a priceless statuette.",5.782544,18/11/1941,100,A story as EXPLOSIVE as his BLAZING automatics!,The Maltese Falcon,7.8,435,7.99
en,My Fair Lady,A misogynistic and snobbish phonetics professor agrees to a wager that he can take a flower girl and make her presentable in high society.,12.494394,21/10/1964,170,The loverliest motion picture of them all!,My Fair Lady,7.4,361,6.99
en,Sabrina,"Linus and David Larrabee are the two sons of a very wealthy family. Linus is all work -- busily running the family corporate empire he has no time for a wife and family. David is all play -- technically he is employed by the family business but never shows up for work spends all his time entertaining and has been married and divorced three times. Meanwhile Sabrina Fairchild is the young shy and awkward daughter of the household chauffeur who has been infatuated with David all her life but David hardly notices her -- ""doesn't even know I exist"" -- until she goes away to Paris for two years and returns an elegant sophisticated beautiful woman. Suddenly she finds that she has captured David's attention but just as she does so she finds herself falling in love with Linus and she finds that Linus is also falling in love with her.",7.359741,28/09/1954,113,...the chauffeur's daughter who learned her stuff in Paris,Sabrina,7.4,284,6.99
en,Roman Holiday,"Overwhelmed by her suffocating schedule touring European princess Ann takes off for a night while in Rome. When a sedative she took from her doctor kicks in however she falls asleep on a park bench and is found by an American reporter Joe Bradley who takes her back to his apartment for safety. At work the next morning Joe finds out Ann's regal identity and bets his editor he can get exclusive interview with her but romance soon gets in the way.",11.954806,02/09/1953,119,Romance in romantic Rome!,Roman Holiday,7.8,502,7.99
en,The Wizard of Oz,"Young Dorothy finds herself in a magical world where she makes friends with a lion a scarecrow and a tin man as they make their way along the yellow brick road to talk with the Wizard and ask for the things they miss most in their lives. The Wicked Witch of the West is the only thing that could stop them.",22.064932,15/08/1939,102,"We're off to see the Wizard the wonderful Wizard of Oz!",The Wizard of Oz,7.4,1689,6.99
en,Gone with the Wind,An American classic in which a manipulative woman and a roguish man carry on a turbulent love affair in the American south during the Civil War and Reconstruction.,14.240357,15/12/1939,238,The greatest romance of all time!,Gone with the Wind,7.7,995,7.99
en,Sunset Boulevard,A hack screenwriter writes a screenplay for a former silent-film star who has faded into Hollywood obscurity.,11.709777,10/08/1950,110,A Hollywood Story,Sunset Boulevard,8.2,533,7.99
en,Citizen Kane,"Newspaper magnate Charles Foster Kane is taken from his mother as a boy and made the ward of a rich industrialist. As a result every well-meaning tyrannical or self-destructive move he makes for the rest of his life appears in some way to be a reaction to that deeply wounding event.",15.811921,30/04/1941,119,It's Terrific!,Citizen Kane,8,1244,7.99
en,2001: A Space Odyssey,"Humanity finds a mysterious object buried beneath the lunar surface and sets off to find its origins with the help of HAL 9000 the world's most advanced super computer.",22.494622,10/04/1968,149,An epic drama of adventure and exploration,2001: A Space Odyssey,7.9,3075,7.99
en,All About Eve,"From the moment she glimpses her idol at the stage door Eve Harrington is determined to take the reins of power away from the great actress Margo Channing. Eve maneuvers her way into Margo's Broadway role becomes a sensation and even causes turmoil in the lives of Margo's director boyfriend her playwright and his wife. Only the cynical drama critic sees through Eve admiring her audacity and perfect pattern of deceit.",12.06308,09/11/1950,138,It's all about women... and their men!,All About Eve,8,367,7.99
en,Rebecca,A self-conscious bride is tormented by the memory of her husband's dead first wife.,8.590813,12/04/1940,130,The shadow of this woman darkened their love.,Rebecca,7.7,346,7.99
en,Notorious,"Released shortly after the war this classic Hitchcock film illustrates the battle between German Nazis and American spies in Rio de Janeiro where a German businessman keeps a wine cellar with uranium ore.",10.135111,15/08/1946,102,Notorious woman of affairs... Adventurous man of the world,Notorious,7.8,345,7.99
en,Spellbound,"When Dr. Anthony Edwardes arrives at a Vermont mental hospital to replace the outgoing hospital director Dr. Constance Peterson a psychoanalyst discovers Edwardes is actually an impostor. The man confesses that the real Dr. Edwardes is dead and fears he may have killed him but cannot recall anything. Dr. Peterson however is convinced his impostor is innocent of the man's murder and joins him on a quest to unravel his amnesia through psychoanalysis.",5.47596,28/12/1945,111,The maddest love that ever possessed a woman.,Spellbound,7.3,166,6.99
en,An Affair to Remember,"Nickie Ferrante's return to New York to marry a rich heiress is well publicized as are his many antics and affairs. He meets a nightclub singer Terry McKay who is also on her way home to her longtime boyfriend. She sees him as just another playboy and he sees her as stand-offish but over several days they soon find they've fallen in love. Nickie has never really worked in his life so they agree that they will meet again in six months time atop the Empire State building. This will give them time to deal with their current relationships and for Nickie to see if he can actually earn a living. He returns to painting and is reasonably successful. On the agreed date Nickie is waiting patiently for Terry who is racing to join him. Fate intervenes however resulting in misunderstanding and heartbreak and only fate can save their relationship.",9.813419,11/07/1957,111,In Italy... on the Mediterranean... across an ocean... and all over New York!,An Affair to Remember,7.1,101,6.99
en,To Catch a Thief,A delightful Hitchcock film about an ex-burglar who must catch a thief who’s been copying this style before he gets accused of the wrong crimes. His time is running out as the police are close behind him yet he finds time for a little romance of course. A classic masterpiece starring Grace Kelly and Cary Grant.,5.490505,03/08/1955,106,WANTED by the police in all the luxury-spots of Europe!... A catch for any woman!,To Catch a Thief,7.1,299,6.99
en,The Band Wagon,A pretentiously artistic director is hired for a new Broadway musical and changes it beyond recognition.,3.573935,07/08/1953,112,Get Aboard!,The Band Wagon,7.1,46,6.99
en,Ninotchka,A stern Russian woman sent to Paris on official business finds herself attracted to a man who represents everything she is supposed to detest.,5.120036,06/10/1939,110,Greta Garbo laughs!,Ninotchka,7.3,77,6.99
en,Love in the Afternoon,Lovestruck conservatory student Adriane pretends to be just as much as a cosmopolitan lover as the worldly mature Frank Flannag hoping that l’amour will take hold.,8.196679,30/06/1957,130,Love is a game any number can play... especially in the afternoon...,Love in the Afternoon,7.3,55,6.99
en,The Adventures of Robin Hood,Robin Hood (Errol Flynn) fights nobly for justice against the evil Sir Guy of Gisbourne (Basil Rathbone) while striving to win the hand of the beautiful Maid Marian (Olivia de Havilland).,10.685036,13/05/1938,102,Excitement...Danger...Suspense...as this classic adventure story sweeps across the screen!,The Adventures of Robin Hood,7.6,170,7.99
en,Laura,A police detective falls in love with the woman whose murder he's investigating.,9.884516,11/10/1944,88,The story of a love that became the most fearful thing that ever happened to a woman!,Laura,7.6,173,7.99
en,The Ghost and Mrs. Muir,"In 1900 strong-willed widow Lucy Muir goes to live in Gull Cottage by the British seaside even though it appears to be haunted. Sure enough that very night she meets the ghost of crusty former owner Captain Gregg...and refuses to be scared off. Indeed they become friends and allies after Lucy gets used to the idea of a man's ghost haunting her bedroom. But when a charming live man comes courting Lucy and the captain must deal with their feelings for each other.",3.008607,26/06/1947,104,THE SPIRIT... so willing! THE FLESH... so weak! THE ROMANCE... so wonderful!,The Ghost and Mrs. Muir,7.3,59,6.99
en,Top Hat,"Showman Jerry Travers is working for producer Horace Hardwick in London. Jerry demonstrates his new dance steps late one night in Horace's hotel much to the annoyance of sleeping Dale Tremont below. She goes upstairs to complain and the two are immediately attracted to each other. Complications arise when Dale mistakes Jerry for Horace.",7.122093,06/09/1935,101,They're Dancing Cheek-To-Cheek Again!,Top Hat,7.4,62,6.99
en,Giant,Sprawling epic covering the life of a Texas cattle rancher and his family and associates.,10.864284,10/10/1956,201,The legendary epic that's as big as Texas.,Giant,7.5,169,7.99
en,East of Eden,"In the Salinas Valley in and around World War I Cal Trask feels he must compete against overwhelming odds with his brother Aron for the love of their father Adam. Cal is frustrated at every turn from his reaction to the war to how to get ahead in business and in life to how to relate to estranged mother.",6.42883,09/03/1955,115,Of what a girl did . . . what a boy did ... of ecstasy and revenge!,East of Eden,7.5,163,7.99
en,The Thin Man,"After a four year absence one time detective Nick Charles returns to New York with his new wife Nora and their dog Asta. Nick re-connects with many of his old cronies several of whom are eccentric characters to say the least. He's also approached by Dorothy Wynant whose inventor father Clyde Wynant is suspected of murdering her step-mother. Her father had left on a planned trip some months before and she has had no contact with him. Nick isn't all that keen on resuming his former profession but egged-on by wife Nora who thinks this all very exciting he agrees to help out. He solves the case announcing the identity of the killer at a dinner party for all of the suspects.",10.573867,25/05/1934,93,A laugh tops every thrilling moment!,The Thin Man,7.4,97,6.99
en,His Girl Friday,"Hildy the journalist former wife of newspaper editor Walter Burns visits his office to inform him that she's engaged and will be getting remarried the next day. Walter can't let that happen and frames the fiancé Bruce Baldwin for one thing after another to keep him temporarily held in prison while trying to steer Hildy into returning to her old job as his employee.",9.88321,18/01/1940,92,She learned about men from him!,His Girl Friday,7.5,171,7.99
en,It's a Wonderful Life,"George Bailey has spent his entire life giving of himself to the people of Bedford Falls. He has always longed to travel but never had the opportunity in order to prevent rich skinflint Mr. Potter from taking over the entire town. All that prevents him from doing so is George's modest building and loan company which was founded by his generous father. But on Christmas Eve George's Uncle Billy loses the business's $8000 while intending to deposit it in the bank. Potter finds the misplaced money hides it from Billy and George's troubles begin.",15.031588,20/12/1946,130,It's a wonderful laugh! It's a wonderful love!,It's a Wonderful Life,8,1103,7.99
en,Mr. Smith Goes to Washington,"Naive and idealistic Jefferson Smith leader of the Boy Rangers is appointed on a lark by the spineless governor of his state. He is reunited with the state's senior senator--presidential hopeful and childhood hero Senator Joseph Paine. In Washington however Smith discovers many of the shortcomings of the political process as his earnest goal of a national boys' camp leads to a conflict with the state political boss Jim Taylor. Taylor first tries to corrupt Smith and then later attempts to destroy Smith through a scandal.",8.168694,19/10/1939,129,"Romance drama laughter and heartbreak... created out of the very heart and soil of America!",Mr. Smith Goes to Washington,7.9,245,7.99
en,Bringing Up Baby,"David Huxley is waiting to get a bone he needs for his museum collection. Through a series of strange circumstances he meets Susan Vance and the duo have a series of misadventures which include a leopard called Baby.",6.60577,18/02/1938,102,"And so begins the hilarious adventure of Professor David Huxley and Miss Susan Vance a flutter-brained vixen with love in her heart!",Bringing Up Baby,7.6,201,7.99
en,The 39 Steps,"While on vacation in London Canadian Richard Hannay becomes embroiled in an international spy ring related to the mysterious ""39 steps."" Then he meets agent Annabella Smith who is soon killed in his apartment. He must elude the police who are hunting him for murder while he tries to stop Professor Jordan from sending secrets out of the country. Hannay is assisted by Pamela an unwilling accomplice who discovers the truth.",5.865697,01/06/1935,86,Handcuffed to the girl who double-crossed him,The 39 Steps,7.4,217,6.99
en,Night of the Living Dead,"A group of people try to survive an attack of bloodthirsty zombies while trapped in a rural Pennsylvania farmhouse. Although not the first zombie film Night of the Living Dead is the progenitor of the contemporary ""zombie apocalypse"" horror film and it greatly influenced the modern pop-culture zombie archetype.",14.384198,01/10/1968,96,"If it doesn't scare you you're already dead!",Night of the Living Dead,7.5,591,7.99
en,The African Queen,"At the start of the first World War in the middle of Africa’s nowhere a gin soaked riverboat captain is persuaded by a strong-willed missionary to go down river and face-off a German warship.",6.636872,03/12/1951,105,The greatest adventure a man ever lived...with a woman!,The African Queen,7.4,232,6.99
en,Cat on a Hot Tin Roof,"Brick an alcoholic ex-football player drinks his days away and resists the affections of his wife Maggie. His reunion with his father Big Daddy who is dying of cancer jogs a host of memories and revelations for both father and son.",11.794846,17/02/1958,108,Just one pillow on her bed ... and just one desire in her heart!,Cat on a Hot Tin Roof,7.6,168,7.99
en,Meet John Doe,"As a parting shot fired reporter Ann Mitchell prints a fake letter from unemployed ""John Doe"" who threatens suicide in protest of social ills. The paper is forced to rehire Ann and hires John Willoughby to impersonate ""Doe."" Ann and her bosses cynically milk the story for all it's worth until the made-up ""John Doe"" philosophy starts a whole political movement.",10.750619,12/03/1941,122,"ALL AMERICA WANTS TO MEET THE ""MR. DEEDS"" OF 1941!",Meet John Doe,7.3,52,6.99
en,Mary Poppins,"The movie combines a diverting story songs color and sequences of live action blended with the movements of animated figures. Mary Poppins is a kind of Super-nanny who flies in with her umbrella in response to the request of the Banks children and proceeds to put things right with the aid of her rather extraordinary magical powers before flying off again.",15.11549,27/08/1964,139,It's supercalifragilisticexpialidocious!,Mary Poppins,7.4,1217,6.99
en,The Sound of Music,Film adaptation of a classic Rodgers and Hammerstein musical based on a nun who becomes a governess for an Austrian family.,9.06773,02/03/1965,174,The happiest sound in all the world!,The Sound of Music,7.4,966,6.99
en,Die Hard,"NYPD cop John McClane's plan to reconcile with his estranged wife is thrown for a serious loop when minutes after he arrives at her office the entire building is overtaken by a group of terrorists. With little help from the LAPD wisecracking McClane sets out to single-handedly rescue the hostages and bring the bad guys down.",16.640522,15/07/1988,131,40 Stories. Twelve Terrorists. One Cop.,Die Hard,7.5,4005,7.99
en,Sleepers,Two gangsters seek revenge on the state jail worker who during their stay at a youth prison sexually abused them. A sensational court hearing takes place to charge him for the crimes. A moving drama from director Barry Levinson.,9.198283,18/10/1996,147,When friendship runs deeper than blood.,Sleepers,7.3,729,6.99
en,Shall We Dance,"Ballet star Pete ""Petrov"" Peters arranges to cross the Atlantic aboard the same ship as the dancer he's fallen for but barely knows musical star Linda Keene. By the time the ocean liner reaches New York a little white lie has churned through the rumor mill and turned into a hot gossip item: that the two celebrities are secretly married.",3.786353,07/05/1937,109,"Foot-free Fred and joyous Ginger...in their gayest gladdest show!",Shall We Dance,7.9,22,7.99
en,"Murder My Sweet","Detective Philip Marlowe is hired by hulking Moose Malloy to locate his old girlfriend that he lost track of while serving time in prison. With each lead he follows Marlowe encounters lies larceny perjury theft and a beautiful femme fatale. Based on Raymond Chandler's novel ""Farewell My Lovely"" which was also the film's title in the United Kingdom.",3.433265,09/12/1944,95,An Original Philip Marlowe Mystery,"Murder My Sweet",7.2,48,6.99
en,For the Moment,"This Canadian film presents and old-fashioned war time romance.  It is set during 1942 in Manitoba and traces the doomed affair between a young farmer's wife (Christianne Hirt) whose husband is fighting abroad and a dashing Australian pilot (Russell Crowe).  The pilot has come to train in the British Commonwealth Air Training Plan of Canada.  When the pilot Lachlan is not training he is surreptitiously wooing Lill the farmer's wife.  At the other end of town Betsy (Wanda Cannon) who supports her two kids by bootlegging charges for her services.  She gets involved with Zeek (Scott Kraft) an American flight instructor.",0.347124,01/10/1993,115,A Moment Can Last A Lifetime.,For the Moment,7.4,3,6.99
en,Willy Wonka & the Chocolate Factory,Eccentric candy man Willy Wonka prompts a worldwide frenzy when he announces that golden tickets hidden inside five of his delicious candy bars will admit their lucky holders into his top-secret confectionary. But does Wonka have an agenda hidden amid a world of Oompa Loompas and chocolate rivers?,12.416635,29/06/1971,100,It's Scrumdiddlyumptious!,Willy Wonka & the Chocolate Factory,7.4,826,6.99
en,The Innocents,A young governess for two children becomes convinced that the house and grounds are haunted.,7.667964,25/12/1961,100,Apparitions? Evils? Corruptions?,The Innocents,7.5,126,7.99
en,A Fish Called Wanda,"A diamond advocate is attempting to steal a collection of diamonds yet troubles arise when he realizes that he is not the only one after the diamonds.",11.400353,15/07/1988,108,"A tale of murder lust greed revenge and seafood.",A Fish Called Wanda,7.1,576,6.99
en,Life of Brian,"Brian Cohen is an average young Jewish man but through a series of ridiculous events he gains a reputation as the Messiah. When he's not dodging his followers or being scolded by his shrill mother the hapless Brian has to contend with the pompous Pontius Pilate and acronym-obsessed members of a separatist movement. Rife with Monty Python's signature absurdity the tale finds Brian's life paralleling Biblical lore albeit with many more laughs.",10.714173,17/08/1979,94,He wasn't the messiah. He was a very naughty boy.,Life of Brian,7.7,1230,7.99
